{
  "features": [
    "anchor_age",
    "mv_24h",
    "debridement",
    "charlson_score",
    "hr_mean",
    "lactate_baseline",
    "sofa_baseline",
    "rdw_first",
    "map_mean",
    "inr_first"
  ],
  "train_mean": [
    65.24624052387814,
    0.34290540540540543,
    0.11148648648648649,
    0.0009461631364014731,
    86.68659878485026,
    2.236335404780575,
    -0.0029753375457390544,
    15.197440223651917,
    75.53427628891738,
    1.5290594054094737
  ],
  "train_std": [
    14.033396613953766,
    0.47468019586787413,
    0.31473361723429916,
    1.0009152292013013,
    16.348602950609877,
    1.5042980952717724,
    1.0037985569455934,
    2.6927983326750007,
    12.533193225823721,
    0.870657442591529
  ]
}