{
  "features": [
    "anchor_age",
    "mv_24h",
    "debridement",
    "charlson_score",
    "hr_mean",
    "lactate_baseline",
    "sofa_baseline",
    "rdw_first",
    "map_mean",
    "inr_first"
  ],
  "scaler_mean": [
    0.010127460102363057,
    0.015573201935329422,
    0.0011384737652138624,
    0.0009471222479413108,
    0.017475535661597996,
    0.003984531308538709,
    -0.0022711481970261677,
    -0.0009587177333718579,
    0.01087257400140787,
    0.010658124011133968
  ],
  "scaler_std": [
    0.971841870772423,
    1.0055835779046762,
    1.0025359740740378,
    1.0019298419597322,
    0.9968660335737717,
    0.9460994309885357,
    1.004499329527499,
    1.008538701376405,
    1.0148334595808686,
    1.0243028736370952
  ],
  "intercept": -0.500363945815038,
  "coefficients": [
    0.40179832273614585,
    0.34543577789172847,
    -0.16967127933273934,
    0.37868759405573305,
    0.5160235855310288,
    0.1980757525815107,
    0.48086388652019874,
    0.307825505551008,
    -0.24090757147056863,
    0.1293266434006321
  ],
  "thresholds": [
    0.034,
    0.103,
    0.298
  ],
  "threshold_labels": [
    "µÍ·çÏƠ",
    "ÖĐ·çÏƠ",
    "¸ß·çÏƠ",
    "¼«¸ß·çÏƠ"
  ]
}